Workbook
Name Slicer_BLOODTYPE: #N/A
Name Slicer_LANGUAGE: #N/A
Name Slicer_SPORTS: #N/A
Name Slicer_Years__BIRTHDATE: #N/A

Sheet Question 1
B2: STAGE 1 (Data Cleaning) | E2: We are a part of XYZ Co Pvt Ltd company who is in the business of organizing the sports events at international level. Countries nominate sportsmen from different departments and our team has been given the responsibility to systematize the membership roster and generate different reports as per business requirements.
C5: SHEET | D5: COLUMN | E5: TASK
B6: S No | C6: TASK 1: STANDARDIZING THE DATASET
B7: 1 | C7: SPORTSMEN | D7: Col B | E7: Populate the FULLNAME consisting of the following fields ONLY, in the prescribed format: PREFIX FIRSTNAME LASTNAME. (Note: All UPPERCASE)
B8: 2 | C8: SPORTSMEN | D8: Col K | E8: Get the COUNTRY NAME to which these sportsmen belong to. Make use of LOCATION sheet to get the required data
B9: 3 | C9: SPORTSMEN | D9: Col L | E9: Populate the LANGUAGE spoken by the sportsmen. Make use of LOCATION sheet to get the required data
B10: 4 | C10: SPORTSMEN | D10: Col M | E10: Generate the EMAIL ADDRESS for those members, who speak English, in the prescribed format : lastname.firstname@xyz.org (Note: All lowercase) and for all other members, format should be lastname.firstname@xyz.com (Note: All lowercase)
B11: 5 | C11: SPORTSMEN | D11: Col Q | E11: Populate the SPORT LOCATION of the sport played by each player. Make use of SPORT sheet to get the required data
B13: S No | C13: TASK 2: DATA FORMATTING
B14: 1 | C14: SPORTSMEN | D14: Col A | E14: Display MEMBER ID as always 3 digit number (Note: 001, 002…, 020,… etc)
B15: 2 | C15: SPORTSMEN | D15: Col G | E15: Format the BIRTHDATE as dd mmm' yyyy (Prescribed format example: 09 May' 1986)
B16: 3 | C16: SPORTSMEN | D16: Col N | E16: Display the units for the WEIGHT column (Prescribed format example: 80 kg)
B17: 4 | C17: SPORTSMEN | D17: Col S | E17: Format the SALARY to show the data in thousands. If SALARY is less than 100,000 then display data with 2 decimal places else display data with one decimal place. In both cases units should be thousands (k) e.g. 87670 --> 87.67 k and 123250 --> 123.2 k

Sheet Question 2
B2: STAGE 2 (Data Analysis) | E2: We are a part of XYZ Co Pvt Ltd company who is in the business of organizing the sports events at international level. Countries nominate sportsmen from different departments and our team has been given the responsibility to systematize the membership roster and generate different reports as per business requirements.
B5: Instructions: Make use of data from SPORTSMEN worksheet after attempting Question 1
C6: SHEET | D6: RANGE | E6: TASK
B7: S No | C7: TASK 1: SUMMARIZE DATA - PIVOT TABLE
B8: 1 | C8: ANALYSIS | D8: Range B3 | E8: Create a PIVOT table in the worksheet ANALYSIS, starting at cell B3, with the following details:
B9: 2 | C9: ANALYSIS | E9: In COLUMNS; Group : GENDER.
B10: 3 | C10: ANALYSIS | E10: In ROWS; Group : COUNTRY (Note: use COUNTRY NAMES)
B11: 4 | C11: ANALYSIS | E11: In VALUES; Calculate the count of candidates from each COUNTRY and GENDER type
B12: 5 | C12: ANALYSIS | E12: Remove GRAND TOTALs
B14: S No | C14: TASK 2: SUMMARIZE DATA - EXCEL FUNCTIONS
B15: 1 | C15: ANALYSIS | D15: Range G4 | E15: Create a SUMMARY table in the worksheet ANALYSIS, starting at cell G4, with the following details.
B16: 2 | C16: ANALYSIS | D16: Range H4:I4 | E16: Starting from range RANGE H4; get the distinct GENDER. Use remove duplicates option and transpose the data
B17: 3 | C17: ANALYSIS | D17: Range G5:G16 | E17: Starting from range RANGE G5; get the distinct COUNTRY (Note: use COUNTRY NAMES)
B18: 4 | C18: ANALYSIS | D18: Range H5:I16 | E18: In the cross table, get the count of candidates from each COUNTRY and GENDER type

Sheet Question 3
B2: STAGE 3 (Generate Report) | E2: We are a part of XYZ Co Pvt Ltd company who is in the business of organizing the sports events at international level. Countries nominate sportsmen from different departments and our team has been given the responsibility to systematize the membership roster and generate different reports as per business requirements.
B5: Instructions: Make use of data from SPORTSMEN worksheet after attempting Question 1
C6: SHEET | D6: RANGE | E6: TASK
B7: S No | C7: GENERATE REPORT - PIVOT TABLE
B8: 1 | C8: REPORT | D8: Range A3 | E8: Create a PIVOT table report in the worksheet REPORT, starting at cell A3, with the following information.
B9: 2 | C9: REPORT | E9: Report should contain MEMBER ID, FULL NAME, EMAIL, GENDER, YEAR OF BIRTH (Note: don't display quarters, months and dates), COUNTRY NAME, LANGUAGE and SPORT played by them
B10: 3 | C10: REPORT | E10: Change the report layout to TABULAR form
B11: 4 | C11: REPORT | E11: Remove expand and collapse buttons
B12: 5 | C12: REPORT | E12: Remove GRAND TOTALs
B13: 5 | C13: REPORT | D13: Range A1 | E13: Allow user to filter the data by SPORT LOCATION

Sheet ANALYSIS
B4: Count of MEMBER ID | H4: Gender
B5: Row Labels | C5: Female | D5: Male | G5: COUNTRY NAME | H5: Male | I5: Female
B6: ARGENTINA | C6: 1 | D6: 2 | G6: ARGENTINA | H6: =COUNTIFS(SPORTSMEN!$K$1:$K$51,ANALYSIS!$G6,SPORTSMEN!$I$1:$I$51,ANALYSIS!$H$5) -> 2 | I6: =COUNTIFS(SPORTSMEN!$K$1:$K$51,ANALYSIS!$G6,SPORTSMEN!$I$1:$I$51,$I$5) -> 1
B7: AUSTRALIA | C7: 6 | D7: 2 | G7: AUSTRALIA | H7: =COUNTIFS(SPORTSMEN!$K$1:$K$51,ANALYSIS!$G7,SPORTSMEN!$I$1:$I$51,ANALYSIS!$H$5) -> 2 | I7: =COUNTIFS(SPORTSMEN!$K$1:$K$51,ANALYSIS!$G7,SPORTSMEN!$I$1:$I$51,$I$5) -> 6
B8: AUSTRIA | C8: 1 | D8: 2 | G8: AUSTRIA | H8: =COUNTIFS(SPORTSMEN!$K$1:$K$51,ANALYSIS!$G8,SPORTSMEN!$I$1:$I$51,ANALYSIS!$H$5) -> 2 | I8: =COUNTIFS(SPORTSMEN!$K$1:$K$51,ANALYSIS!$G8,SPORTSMEN!$I$1:$I$51,$I$5) -> 1
B9: BRAZIL | D9: 2 | G9: BRAZIL | H9: =COUNTIFS(SPORTSMEN!$K$1:$K$51,ANALYSIS!$G9,SPORTSMEN!$I$1:$I$51,ANALYSIS!$H$5) -> 2 | I9: =COUNTIFS(SPORTSMEN!$K$1:$K$51,ANALYSIS!$G9,SPORTSMEN!$I$1:$I$51,$I$5) -> 0
B10: FRANCE | C10: 3 | D10: 6 | G10: FRANCE | H10: =COUNTIFS(SPORTSMEN!$K$1:$K$51,ANALYSIS!$G10,SPORTSMEN!$I$1:$I$51,ANALYSIS!$H$5) -> 6 | I10: =COUNTIFS(SPORTSMEN!$K$1:$K$51,ANALYSIS!$G10,SPORTSMEN!$I$1:$I$51,$I$5) -> 3
B11: GERMANY | C11: 1 | D11: 4 | G11: GERMANY | H11: =COUNTIFS(SPORTSMEN!$K$1:$K$51,ANALYSIS!$G11,SPORTSMEN!$I$1:$I$51,ANALYSIS!$H$5) -> 4 | I11: =COUNTIFS(SPORTSMEN!$K$1:$K$51,ANALYSIS!$G11,SPORTSMEN!$I$1:$I$51,$I$5) -> 1
B12: NETHERLANDS | C12: 2 | D12: 1 | G12: NETHERLANDS | H12: =COUNTIFS(SPORTSMEN!$K$1:$K$51,ANALYSIS!$G12,SPORTSMEN!$I$1:$I$51,ANALYSIS!$H$5) -> 1 | I12: =COUNTIFS(SPORTSMEN!$K$1:$K$51,ANALYSIS!$G12,SPORTSMEN!$I$1:$I$51,$I$5) -> 2
B13: SPAIN | C13: 3 | G13: SPAIN | H13: =COUNTIFS(SPORTSMEN!$K$1:$K$51,ANALYSIS!$G13,SPORTSMEN!$I$1:$I$51,ANALYSIS!$H$5) -> 0 | I13: =COUNTIFS(SPORTSMEN!$K$1:$K$51,ANALYSIS!$G13,SPORTSMEN!$I$1:$I$51,$I$5) -> 3
B14: SWEDEN | C14: 1 | D14: 1 | G14: SWEDEN | H14: =COUNTIFS(SPORTSMEN!$K$1:$K$51,ANALYSIS!$G14,SPORTSMEN!$I$1:$I$51,ANALYSIS!$H$5) -> 1 | I14: =COUNTIFS(SPORTSMEN!$K$1:$K$51,ANALYSIS!$G14,SPORTSMEN!$I$1:$I$51,$I$5) -> 1
B15: UK | C15: 3 | D15: 2 | G15: UK | H15: =COUNTIFS(SPORTSMEN!$K$1:$K$51,ANALYSIS!$G15,SPORTSMEN!$I$1:$I$51,ANALYSIS!$H$5) -> 2 | I15: =COUNTIFS(SPORTSMEN!$K$1:$K$51,ANALYSIS!$G15,SPORTSMEN!$I$1:$I$51,$I$5) -> 3
B16: USA | C16: 4 | D16: 3 | G16: USA | H16: =COUNTIFS(SPORTSMEN!$K$1:$K$51,ANALYSIS!$G16,SPORTSMEN!$I$1:$I$51,ANALYSIS!$H$5) -> 3 | I16: =COUNTIFS(SPORTSMEN!$K$1:$K$51,ANALYSIS!$G16,SPORTSMEN!$I$1:$I$51,$I$5) -> 4

Sheet REPORT
A1: SPORT LOCATION | B1: (All)
A3: MEMBER ID | B3: SPORTS | C3: LANGUAGE | D3: COUNTRY NAME | E3: Years (BIRTHDATE) | F3: GENDER | G3: EMAIL | H3: FULL NAME
A4: 1 | B4: Cycling Track | C4: English | D4: USA | E4: 1997 | F4: Female | G4: abbott.annie@xyz.org | H4: MS. ANNIE ABBOTT
A5: 2 | B5: Boxing | C5: English | D5: USA | E5: 1992 | F5: Female | G5: liesuchke.aurelie@xyz.org | H5: MS. AURELIE LIESUCHKE
A6: 3 | B6: Football | C6: Portuguese | D6: BRAZIL | E6: 1969 | F6: Male | G6: filho.tomas@xyz.com | H6: SR. TOMAS FILHO
A7: 4 | B7: Alpine Skiing | C7: English | D7: USA | E7: 1975 | F7: Female | G7: cruickshank.darby@xyz.org | H7: MS. DARBY CRUICKSHANK
A8: 5 | B8: Water Polo | C8: English | D8: USA | E8: 1970 | F8: Male | G8: borer.jaydon@xyz.org | H8: DR. JAYDON BORER
A9: 6 | B9: Fencing | C9: English | D9: USA | E9: 1992 | F9: Male | G9: lynch.moriah @xyz.org | H9: MR. MORIAH LYNCH
A10: 7 | B10: Cycling Road | C10: English | D10: USA | E10: 1999 | F10: Female | G10: eichmann.amiya@xyz.org | H10: MS. AMIYA EICHMANN
A11: 8 | B11: Curling | C11: English | D11: USA | E11: 1963 | F11: Male | G11: rau.pierce@xyz.org | H11: MR. PIERCE RAU
A12: 9 | B12: Shooting | C12: English | D12: UK | E12: 1971 | F12: Female | G12: stevens.amelia@xyz.org | H12: MS. AMELIA STEVENS
A13: 10 | B13: Cycling Road | C13: English | D13: UK | E13: 1964 | F13: Male | G13: simpson.toby@xyz.org | H13: MR. TOBY SIMPSON
A14: 11 | B14: Freestyle Skiing | C14: English | D14: UK | E14: 1986 | F14: Male | G14: murphy.ethan@xyz.org | H14: SIR ETHAN MURPHY
A15: 12 | B15: Archery | C15: English | D15: UK | E15: 1977 | F15: Female | G15: wood.ashley@xyz.org | H15: MRS. ASHLEY WOOD
... A53: 50 | B53: Swimming | C53: Portuguese | D53: BRAZIL | E53: 1993 | F53: Male | G53: sobrinho.adriano@xyz.com | H53: SR. ADRIANO SOBRINHO

Sheet SPORTSMEN
A1: MEMBER ID | B1: FULL NAME | C1: PREFIX | D1: FIRSTNAME | E1: MIDDLENAME | F1: LASTNAME | G1: BIRTHDATE | H1: ZODIAC | I1: GENDER | J1: COUNTRYCODE | K1: COUNTRY NAME | L1: LANGUAGE | M1: EMAIL | N1: WEIGHT | O1: EYECOLOR | P1: BLOODTYPE | Q1: SPORT LOCATION | R1: SPORTS | S1: SALARY
A2: 1 | B2: =UPPER(_xlfn.CONCAT(C2," ",D2," ",F2)) -> MS. ANNIE ABBOTT | C2: Ms. | D2: Annie | F2: Abbott | G2: 35699 | H2: Libra | I2: Female | J2: US | K2: =HLOOKUP($J2,LOCATION!$A$2:$M$3,2,FALSE) -> USA | L2: =_xlfn.XLOOKUP($J2,LOCATION!$A$2:$M$2,LOCATION!$A$1:$M$1," ",0,1) -> English | M2: =LOWER(_xlfn.CONCAT(F2,".",D2,"@xyz",IF(L2="English",".org",".com"))) -> abbott.annie@xyz.org | N2: 94 | O2: Green | P2: A− | Q2: =INDEX(SPORT!$A$1:$B$33,MATCH($R2,SPORT!$B$1:$B$33,0),1) -> INDOOR | R2: Cycling Track | S2: 80727
A3: 2 | B3: =UPPER(_xlfn.CONCAT(C3," ",D3," ",F3)) -> MS. AURELIE LIESUCHKE | C3: Ms. | D3: Aurelie | F3: Liesuchke | G3: 33641 | H3: Aquarius | I3: Female | J3: US | K3: =HLOOKUP($J3,LOCATION!$A$2:$M$3,2,FALSE) -> USA | L3: =_xlfn.XLOOKUP($J3,LOCATION!$A$2:$M$2,LOCATION!$A$1:$M$1," ",0,1) -> English | M3: =LOWER(_xlfn.CONCAT(F3,".",D3,"@xyz",IF(L3="English",".org",".com"))) -> liesuchke.aurelie@xyz.org | N3: 84.2 | O3: Brown | P3: O− | Q3: =INDEX(SPORT!$A$1:$B$33,MATCH($R3,SPORT!$B$1:$B$33,0),1) -> INDOOR | R3: Boxing | S3: 87471
A4: 3 | B4: =UPPER(_xlfn.CONCAT(C4," ",D4," ",F4)) -> SR. TOMAS FILHO | C4: Sr. | D4: Tomas | E4: Ferreira | F4: Filho | G4: 25394 | H4: Cancer | I4: Male | J4: BR | K4: =HLOOKUP($J4,LOCATION!$A$2:$M$3,2,FALSE) -> BRAZIL | L4: =_xlfn.XLOOKUP($J4,LOCATION!$A$2:$M$2,LOCATION!$A$1:$M$1," ",0,1) -> Portuguese | M4: =LOWER(_xlfn.CONCAT(F4,".",D4,"@xyz",IF(L4="English",".org",".com"))) -> filho.tomas@xyz.com | N4: 52.9 | O4: Amber | P4: A− | Q4: =INDEX(SPORT!$A$1:$B$33,MATCH($R4,SPORT!$B$1:$B$33,0),1) -> OUTDOOR | R4: Football | S4: 64724
A5: 4 | B5: =UPPER(_xlfn.CONCAT(C5," ",D5," ",F5)) -> MS. DARBY CRUICKSHANK | C5: Ms. | D5: Darby | F5: Cruickshank | G5: 27532 | H5: Taurus | I5: Female | J5: US | K5: =HLOOKUP($J5,LOCATION!$A$2:$M$3,2,FALSE) -> USA | L5: =_xlfn.XLOOKUP($J5,LOCATION!$A$2:$M$2,LOCATION!$A$1:$M$1," ",0,1) -> English | M5: =LOWER(_xlfn.CONCAT(F5,".",D5,"@xyz",IF(L5="English",".org",".com"))) -> cruickshank.darby@xyz.org | N5: 48.9 | O5: Green | P5: O− | Q5: =INDEX(SPORT!$A$1:$B$33,MATCH($R5,SPORT!$B$1:$B$33,0),1) -> OUTDOOR | R5: Alpine Skiing | S5: 110823
A6: 5 | B6: =UPPER(_xlfn.CONCAT(C6," ",D6," ",F6)) -> DR. JAYDON BORER | C6: Dr. | D6: Jaydon | F6: Borer | G6: 25706 | H6: Taurus | I6: Male | J6: US | K6: =HLOOKUP($J6,LOCATION!$A$2:$M$3,2,FALSE) -> USA | L6: =_xlfn.XLOOKUP($J6,LOCATION!$A$2:$M$2,LOCATION!$A$1:$M$1," ",0,1) -> English | M6: =LOWER(_xlfn.CONCAT(F6,".",D6,"@xyz",IF(L6="English",".org",".com"))) -> borer.jaydon@xyz.org | N6: 84.8 | O6: Blue | P6: B− | Q6: =INDEX(SPORT!$A$1:$B$33,MATCH($R6,SPORT!$B$1:$B$33,0),1) -> INDOOR | R6: Water Polo | S6: 56916
A7: 6 | B7: =UPPER(_xlfn.CONCAT(C7," ",D7," ",F7)) -> MR. MORIAH LYNCH | C7: Mr. | D7: Moriah | F7: Lynch | G7: 33944 | H7: Sagittarius | I7: Male | J7: US | K7: =HLOOKUP($J7,LOCATION!$A$2:$M$3,2,FALSE) -> USA | L7: =_xlfn.XLOOKUP($J7,LOCATION!$A$2:$M$2,LOCATION!$A$1:$M$1," ",0,1) -> English | M7: =LOWER(_xlfn.CONCAT(F7,".",D7,"@xyz",IF(L7="English",".org",".com"))) -> lynch.moriah @xyz.org | N7: 83.2 | O7: Blue | P7: O− | Q7: =INDEX(SPORT!$A$1:$B$33,MATCH($R7,SPORT!$B$1:$B$33,0),1) -> INDOOR | R7: Fencing | S7: 51133
A8: 7 | B8: =UPPER(_xlfn.CONCAT(C8," ",D8," ",F8)) -> MS. AMIYA EICHMANN | C8: Ms. | D8: Amiya | F8: Eichmann | G8: 36370 | H8: Leo | I8: Female | J8: US | K8: =HLOOKUP($J8,LOCATION!$A$2:$M$3,2,FALSE) -> USA | L8: =_xlfn.XLOOKUP($J8,LOCATION!$A$2:$M$2,LOCATION!$A$1:$M$1," ",0,1) -> English | M8: =LOWER(_xlfn.CONCAT(F8,".",D8,"@xyz",IF(L8="English",".org",".com"))) -> eichmann.amiya@xyz.org | N8: 61.1 | O8: Blue | P8: B− | Q8: =INDEX(SPORT!$A$1:$B$33,MATCH($R8,SPORT!$B$1:$B$33,0),1) -> OUTDOOR | R8: Cycling Road | S8: 65465
A9: 8 | B9: =UPPER(_xlfn.CONCAT(C9," ",D9," ",F9)) -> MR. PIERCE RAU | C9: Mr. | D9: Pierce | F9: Rau | G9: 23141 | H9: Taurus | I9: Male | J9: US | K9: =HLOOKUP($J9,LOCATION!$A$2:$M$3,2,FALSE) -> USA | L9: =_xlfn.XLOOKUP($J9,LOCATION!$A$2:$M$2,LOCATION!$A$1:$M$1," ",0,1) -> English | M9: =LOWER(_xlfn.CONCAT(F9,".",D9,"@xyz",IF(L9="English",".org",".com"))) -> rau.pierce@xyz.org | N9: 105.7 | O9: Amber | P9: A+ | Q9: =INDEX(SPORT!$A$1:$B$33,MATCH($R9,SPORT!$B$1:$B$33,0),1) -> INDOOR | R9: Curling | S9: 109885
A10: 9 | B10: =UPPER(_xlfn.CONCAT(C10," ",D10," ",F10)) -> MS. AMELIA STEVENS | C10: Ms. | D10: Amelia | F10: Stevens | G10: 25965 | H10: Aquarius | I10: Female | J10: GB | K10: =HLOOKUP($J10,LOCATION!$A$2:$M$3,2,FALSE) -> UK | L10: =_xlfn.XLOOKUP($J10,LOCATION!$A$2:$M$2,LOCATION!$A$1:$M$1," ",0,1) -> English | M10: =LOWER(_xlfn.CONCAT(F10,".",D10,"@xyz",IF(L10="English",".org",".com"))) -> stevens.amelia@xyz.org | N10: 65.3 | O10: Blue | P10: A+ | Q10: =INDEX(SPORT!$A$1:$B$33,MATCH($R10,SPORT!$B$1:$B$33,0),1) -> INDOOR | R10: Shooting | S10: 60061
A11: 10 | B11: =UPPER(_xlfn.CONCAT(C11," ",D11," ",F11)) -> MR. TOBY SIMPSON | C11: Mr. | D11: Toby | F11: Simpson | G11: 23732 | H11: Sagittarius | I11: Male | J11: GB | K11: =HLOOKUP($J11,LOCATION!$A$2:$M$3,2,FALSE) -> UK | L11: =_xlfn.XLOOKUP($J11,LOCATION!$A$2:$M$2,LOCATION!$A$1:$M$1," ",0,1) -> English | M11: =LOWER(_xlfn.CONCAT(F11,".",D11,"@xyz",IF(L11="English",".org",".com"))) -> simpson.toby@xyz.org | N11: 62.9 | O11: Amber | P11: O+ | Q11: =INDEX(SPORT!$A$1:$B$33,MATCH($R11,SPORT!$B$1:$B$33,0),1) -> OUTDOOR | R11: Cycling Road | S11: 32758
A12: 11 | B12: =UPPER(_xlfn.CONCAT(C12," ",D12," ",F12)) -> SIR ETHAN MURPHY | C12: Sir | D12: Ethan | F12: Murphy | G12: 31733 | H12: Scorpio | I12: Male | J12: GB | K12: =HLOOKUP($J12,LOCATION!$A$2:$M$3,2,FALSE) -> UK | L12: =_xlfn.XLOOKUP($J12,LOCATION!$A$2:$M$2,LOCATION!$A$1:$M$1," ",0,1) -> English | M12: =LOWER(_xlfn.CONCAT(F12,".",D12,"@xyz",IF(L12="English",".org",".com"))) -> murphy.ethan@xyz.org | N12: 104.3 | O12: Brown | P12: O+ | Q12: =INDEX(SPORT!$A$1:$B$33,MATCH($R12,SPORT!$B$1:$B$33,0),1) -> OUTDOOR | R12: Freestyle Skiing | S12: 99613
A13: 12 | B13: =UPPER(_xlfn.CONCAT(C13," ",D13," ",F13)) -> MRS. ASHLEY WOOD | C13: Mrs. | D13: Ashley | F13: Wood | G13: 28412 | H13: Libra | I13: Female | J13: GB | K13: =HLOOKUP($J13,LOCATION!$A$2:$M$3,2,FALSE) -> UK | L13: =_xlfn.XLOOKUP($J13,LOCATION!$A$2:$M$2,LOCATION!$A$1:$M$1," ",0,1) -> English | M13: =LOWER(_xlfn.CONCAT(F13,".",D13,"@xyz",IF(L13="English",".org",".com"))) -> wood.ashley@xyz.org | N13: 100.7 | O13: Brown | P13: O+ | Q13: =INDEX(SPORT!$A$1:$B$33,MATCH($R13,SPORT!$B$1:$B$33,0),1) -> OUTDOOR | R13: Archery | S13: 56595
A14: 13 | B14: =UPPER(_xlfn.CONCAT(C14," ",D14," ",F14)) -> MS. MEGAN SCOTT | C14: Ms. | D14: Megan | F14: Scott | G14: 28168 | H14: Aquarius | I14: Female | J14: GB | K14: =HLOOKUP($J14,LOCATION!$A$2:$M$3,2,FALSE) -> UK | L14: =_xlfn.XLOOKUP($J14,LOCATION!$A$2:$M$2,LOCATION!$A$1:$M$1," ",0,1) -> English | M14: =LOWER(_xlfn.CONCAT(F14,".",D14,"@xyz",IF(L14="English",".org",".com"))) -> scott.megan@xyz.org | N14: 70.9 | O14: Green | P14: A− | Q14: =INDEX(SPORT!$A$1:$B$33,MATCH($R14,SPORT!$B$1:$B$33,0),1) -> OUTDOOR | R14: Rugby | S14: 117408
A15: 14 | B15: =UPPER(_xlfn.CONCAT(C15," ",D15," ",F15)) -> HR. HELMUT WEINHAE | C15: Hr. | D15: Helmut | F15: Weinhae | G15: 21788 | H15: Virgo | I15: Male | J15: DE | K15: =HLOOKUP($J15,LOCATION!$A$2:$M$3,2,FALSE) -> GERMANY | L15: =_xlfn.XLOOKUP($J15,LOCATION!$A$2:$M$2,LOCATION!$A$1:$M$1," ",0,1) -> German | M15: =LOWER(_xlfn.CONCAT(F15,".",D15,"@xyz",IF(L15="English",".org",".com"))) -> weinhae.helmut@xyz.com | N15: 68.3 | O15: Gray | P15: A+ | Q15: =INDEX(SPORT!$A$1:$B$33,MATCH($R15,SPORT!$B$1:$B$33,0),1) -> OUTDOOR | R15: Canoe Sprint | S15: 64862
A16: 15 | B16: =UPPER(_xlfn.CONCAT(C16," ",D16," ",F16)) -> PROF. MILENA SCHOTIN | C16: Prof. | D16: Milena | F16: Schotin | G16: 23804 | H16: Pisces | I16: Female | J16: DE | K16: =HLOOKUP($J16,LOCATION!$A$2:$M$3,2,FALSE) -> GERMANY | L16: =_xlfn.XLOOKUP($J16,LOCATION!$A$2:$M$2,LOCATION!$A$1:$M$1," ",0,1) -> German | M16: =LOWER(_xlfn.CONCAT(F16,".",D16,"@xyz",IF(L16="English",".org",".com"))) -> schotin.milena@xyz.com | N16: 105.3 | O16: Gray | P16: O+ | Q16: =INDEX(SPORT!$A$1:$B$33,MATCH($R16,SPORT!$B$1:$B$33,0),1) -> INDOOR | R16: Cycling BMX | S16: 10241
... A39: 38 | B39: =UPPER(_xlfn.CONCAT(C39," ",D39," ",F39)) -> M. BERNARD HOARAU-GUYON | C39: M. | D39: Bernard | F39: Hoarau-Guyon | G39: 30327 | H39: Capricorn | I39: Male | J39: FR | K39: =HLOOKUP($J39,LOCATION!$A$2:$M$3,2,FALSE) -> FRANCE | L39: =_xlfn.XLOOKUP($J39,LOCATION!$A$2:$M$2,LOCATION!$A$1:$M$1," ",0,1) -> French | M39: =LOWER(_xlfn.CONCAT(F39,".",D39,"@xyz",IF(L39="English",".org",".com"))) -> hoarau-guyon.bernard@xyz.com | N39: 59.7 | O39: Gray | P39: O− | Q39: =INDEX(SPORT!$A$1:$B$33,MATCH($R39,SPORT!$B$1:$B$33,0),1) -> INDOOR | R39: Cycling Track | S39: 71352
A40: 39 | B40: =UPPER(_xlfn.CONCAT(C40," ",D40," ",F40)) -> SR. HIDALGO TERCERO | C40: Sr. | D40: Hidalgo | E40: Cantu | F40: Tercero | G40: 31016 | H40: Sagittarius | I40: Male | J40: AG | K40: =HLOOKUP($J40,LOCATION!$A$2:$M$3,2,FALSE) -> ARGENTINA | L40: =_xlfn.XLOOKUP($J40,LOCATION!$A$2:$M$2,LOCATION!$A$1:$M$1," ",0,1) -> Spanish | M40: =LOWER(_xlfn.CONCAT(F40,".",D40,"@xyz",IF(L40="English",".org",".com"))) -> tercero.hidalgo@xyz.com | N40: 77.7 | O40: Gray | P40: B− | Q40: =INDEX(SPORT!$A$1:$B$33,MATCH($R40,SPORT!$B$1:$B$33,0),1) -> OUTDOOR | R40: Canoe Slalom | S40: 116376
A41: 40 | B41: =UPPER(_xlfn.CONCAT(C41," ",D41," ",F41)) -> SR. HADALGO POLANCO | C41: Sr. | D41: Hadalgo | F41: Polanco | G41: 32314 | H41: Gemini | I41: Male | J41: AG | K41: =HLOOKUP($J41,LOCATION!$A$2:$M$3,2,FALSE) -> ARGENTINA | L41: =_xlfn.XLOOKUP($J41,LOCATION!$A$2:$M$2,LOCATION!$A$1:$M$1," ",0,1) -> Spanish | M41: =LOWER(_xlfn.CONCAT(F41,".",D41,"@xyz",IF(L41="English",".org",".com"))) -> polanco.hadalgo@xyz.com | N41: 98 | O41: Blue | P41: A− | Q41: =INDEX(SPORT!$A$1:$B$33,MATCH($R41,SPORT!$B$1:$B$33,0),1) -> OUTDOOR | R41: Beach Volleyball | S41: 114144
A42: 41 | B42: =UPPER(_xlfn.CONCAT(C42," ",D42," ",F42)) -> SRA. LAURA OLIVIERA | C42: Sra. | D42: Laura | F42: Oliviera | G42: 27076 | H42: Aquarius | I42: Female | J42: AG | K42: =HLOOKUP($J42,LOCATION!$A$2:$M$3,2,FALSE) -> ARGENTINA | L42: =_xlfn.XLOOKUP($J42,LOCATION!$A$2:$M$2,LOCATION!$A$1:$M$1," ",0,1) -> Spanish | M42: =LOWER(_xlfn.CONCAT(F42,".",D42,"@xyz",IF(L42="English",".org",".com"))) -> oliviera.laura@xyz.com | N42: 51.9 | O42: Amber | P42: O− | Q42: =INDEX(SPORT!$A$1:$B$33,MATCH($R42,SPORT!$B$1:$B$33,0),1) -> OUTDOOR | R42: Athletics | S42: 79872
A43: 42 | B43: =UPPER(_xlfn.CONCAT(C43," ",D43," ",F43)) -> SRA. AINHOA GARZA | C43: Sra. | D43: Ainhoa | F43: Garza | G43: 32941 | H43: Pisces | I43: Female | J43: ES | K43: =HLOOKUP($J43,LOCATION!$A$2:$M$3,2,FALSE) -> SPAIN | L43: =_xlfn.XLOOKUP($J43,LOCATION!$A$2:$M$2,LOCATION!$A$1:$M$1," ",0,1) -> Spanish | M43: =LOWER(_xlfn.CONCAT(F43,".",D43,"@xyz",IF(L43="English",".org",".com"))) -> garza.ainhoa@xyz.com | N43: 55.6 | O43: Brown | P43: O+ | Q43: =INDEX(SPORT!$A$1:$B$33,MATCH($R43,SPORT!$B$1:$B$33,0),1) -> INDOOR | R43: Gymnastics Artistic | S43: 101969
A44: 43 | B44: =UPPER(_xlfn.CONCAT(C44," ",D44," ",F44)) -> SRA. ISABEL BANDA | C44: Sra. | D44: Isabel | F44: Banda | G44: 21927 | H44: Capricorn | I44: Female | J44: ES | K44: =HLOOKUP($J44,LOCATION!$A$2:$M$3,2,FALSE) -> SPAIN | L44: =_xlfn.XLOOKUP($J44,LOCATION!$A$2:$M$2,LOCATION!$A$1:$M$1," ",0,1) -> Spanish | M44: =LOWER(_xlfn.CONCAT(F44,".",D44,"@xyz",IF(L44="English",".org",".com"))) -> banda.isabel@xyz.com | N44: 102.3 | O44: Amber | P44: O+ | Q44: =INDEX(SPORT!$A$1:$B$33,MATCH($R44,SPORT!$B$1:$B$33,0),1) -> OUTDOOR | R44: Canoe Slalom | S44: 50659
A45: 44 | B45: =UPPER(_xlfn.CONCAT(C45," ",D45," ",F45)) -> SRA. CAROLOTA MATEOS | C45: Sra. | D45: Carolota | F45: Mateos | G45: 23952 | H45: Leo | I45: Female | J45: ES | K45: =HLOOKUP($J45,LOCATION!$A$2:$M$3,2,FALSE) -> SPAIN | L45: =_xlfn.XLOOKUP($J45,LOCATION!$A$2:$M$2,LOCATION!$A$1:$M$1," ",0,1) -> Spanish | M45: =LOWER(_xlfn.CONCAT(F45,".",D45,"@xyz",IF(L45="English",".org",".com"))) -> mateos.carolota@xyz.com | N45: 58.8 | O45: Gray | P45: O− | Q45: =INDEX(SPORT!$A$1:$B$33,MATCH($R45,SPORT!$B$1:$B$33,0),1) -> OUTDOOR | R45: Athletics | S45: 58215
A46: 45 | B46: =UPPER(_xlfn.CONCAT(C46," ",D46," ",F46)) -> MW. ELIZE PRINS | C46: Mw. | D46: Elize | F46: Prins | G46: 22044 | H46: Taurus | I46: Female | J46: DU | K46: =HLOOKUP($J46,LOCATION!$A$2:$M$3,2,FALSE) -> NETHERLANDS | L46: =_xlfn.XLOOKUP($J46,LOCATION!$A$2:$M$2,LOCATION!$A$1:$M$1," ",0,1) -> Dutch | M46: =LOWER(_xlfn.CONCAT(F46,".",D46,"@xyz",IF(L46="English",".org",".com"))) -> prins.elize@xyz.com | N46: 63.8 | O46: Blue | P46: O+ | Q46: =INDEX(SPORT!$A$1:$B$33,MATCH($R46,SPORT!$B$1:$B$33,0),1) -> INDOOR | R46: Judo | S46: 39935
A47: 46 | B47: =UPPER(_xlfn.CONCAT(C47," ",D47," ",F47)) -> DHR. RYAN PHAM | C47: dhr. | D47: Ryan | F47: Pham | G47: 26940 | H47: Libra | I47: Male | J47: DU | K47: =HLOOKUP($J47,LOCATION!$A$2:$M$3,2,FALSE) -> NETHERLANDS | L47: =_xlfn.XLOOKUP($J47,LOCATION!$A$2:$M$2,LOCATION!$A$1:$M$1," ",0,1) -> Dutch | M47: =LOWER(_xlfn.CONCAT(F47,".",D47,"@xyz",IF(L47="English",".org",".com"))) -> pham.ryan@xyz.com | N47: 98.6 | O47: Amber | P47: B+ | Q47: =INDEX(SPORT!$A$1:$B$33,MATCH($R47,SPORT!$B$1:$B$33,0),1) -> OUTDOOR | R47: Beach Volleyball | S47: 44865
A48: 47 | B48: =UPPER(_xlfn.CONCAT(C48," ",D48," ",F48)) -> MW ELISE ROTTEVEEL | C48: Mw | D48: Elise | F48: Rotteveel | G48: 24936 | H48: Aries | I48: Female | J48: DU | K48: =HLOOKUP($J48,LOCATION!$A$2:$M$3,2,FALSE) -> NETHERLANDS | L48: =_xlfn.XLOOKUP($J48,LOCATION!$A$2:$M$2,LOCATION!$A$1:$M$1," ",0,1) -> Dutch | M48: =LOWER(_xlfn.CONCAT(F48,".",D48,"@xyz",IF(L48="English",".org",".com"))) -> rotteveel.elise@xyz.com | N48: 61.8 | O48: Gray | P48: O− | Q48: =INDEX(SPORT!$A$1:$B$33,MATCH($R48,SPORT!$B$1:$B$33,0),1) -> OUTDOOR | R48: Beach Volleyball | S48: 90478
A49: 48 | B49: =UPPER(_xlfn.CONCAT(C49," ",D49," ",F49)) -> FRU. MIRJAM SODERBERG | C49: Fru. | D49: Mirjam | F49: Soderberg | G49: 35567 | H49: Taurus | I49: Female | J49: SV | K49: =HLOOKUP($J49,LOCATION!$A$2:$M$3,2,FALSE) -> SWEDEN | L49: =_xlfn.XLOOKUP($J49,LOCATION!$A$2:$M$2,LOCATION!$A$1:$M$1," ",0,1) -> Swedish | M49: =LOWER(_xlfn.CONCAT(F49,".",D49,"@xyz",IF(L49="English",".org",".com"))) -> soderberg.mirjam@xyz.com | N49: 50 | O49: Amber | P49: O+ | Q49: =INDEX(SPORT!$A$1:$B$33,MATCH($R49,SPORT!$B$1:$B$33,0),1) -> OUTDOOR | R49: Football | S49: 38965
A50: 49 | B50: =UPPER(_xlfn.CONCAT(C50," ",D50," ",F50)) -> H. BERNDT PALSSON | C50: H. | D50: Berndt | F50: Palsson | G50: 31832 | H50: Pisces | I50: Male | J50: SV | K50: =HLOOKUP($J50,LOCATION!$A$2:$M$3,2,FALSE) -> SWEDEN | L50: =_xlfn.XLOOKUP($J50,LOCATION!$A$2:$M$2,LOCATION!$A$1:$M$1," ",0,1) -> Swedish | M50: =LOWER(_xlfn.CONCAT(F50,".",D50,"@xyz",IF(L50="English",".org",".com"))) -> palsson.berndt@xyz.com | N50: 45.9 | O50: Blue | P50: A− | Q50: =INDEX(SPORT!$A$1:$B$33,MATCH($R50,SPORT!$B$1:$B$33,0),1) -> OUTDOOR | R50: Biathlon | S50: 35387
A51: 50 | B51: =UPPER(_xlfn.CONCAT(C51," ",D51," ",F51)) -> SR. ADRIANO SOBRINHO | C51: Sr. | D51: Adriano | E51: Pontes | F51: Sobrinho | G51: 34178 | H51: Leo | I51: Male | J51: PR | K51: =HLOOKUP($J51,LOCATION!$A$2:$M$3,2,FALSE) -> BRAZIL | L51: =_xlfn.XLOOKUP($J51,LOCATION!$A$2:$M$2,LOCATION!$A$1:$M$1," ",0,1) -> Portuguese | M51: =LOWER(_xlfn.CONCAT(F51,".",D51,"@xyz",IF(L51="English",".org",".com"))) -> sobrinho.adriano@xyz.com | N51: 92.5 | O51: Green | P51: A+ | Q51: =INDEX(SPORT!$A$1:$B$33,MATCH($R51,SPORT!$B$1:$B$33,0),1) -> INDOOR | R51: Swimming | S51: 20532

Sheet SPORT
A1: SPORTS LOCATION | B1: SPORTS
A2: INDOOR | B2: Cycling Track
A3: INDOOR | B3: Boxing
A4: OUTDOOR | B4: Football
A5: OUTDOOR | B5: Alpine Skiing
A6: INDOOR | B6: Water Polo
A7: INDOOR | B7: Fencing
A8: OUTDOOR | B8: Cycling Road
A9: INDOOR | B9: Curling
A10: INDOOR | B10: Shooting
A11: OUTDOOR | B11: Freestyle Skiing
A12: OUTDOOR | B12: Archery
... A33: INDOOR | B33: Swimming

Sheet LOCATION
A1: LANGUAGE | B1: English | C1: Portuguese | D1: English | E1: German | F1: English | G1: German | H1: French | I1: Spanish | J1: Spanish | K1: Dutch | L1: Swedish | M1: Portuguese
A2: COUNTRYCODE | B2: US | C2: BR | D2: GB | E2: DE | F2: OZ | G2: AU | H2: FR | I2: AG | J2: ES | K2: DU | L2: SV | M2: PR
A3: COUNTRY NAME | B3: USA | C3: BRAZIL | D3: UK | E3: GERMANY | F3: AUSTRALIA | G3: AUSTRIA | H3: FRANCE | I3: ARGENTINA | J3: SPAIN | K3: NETHERLANDS | L3: SWEDEN | M3: BRAZIL
